job-id,job-domain,search-string,job-title
50898428,Data Science,Senior Data Scientist,Senior Data Scientist
50890768,Data Science,Senior Data Scientist,Senior Data Scientist
50859345,Data Science,Senior Data Scientist,Senior Data Scientist
50856897,Data Science,Senior Data Scientist,Senior Data Scientist
50850753,Data Science,Senior Data Scientist,Senior Data Scientist
50841554,Data Science,Senior Data Scientist,Senior Data Scientist
50822775,Data Science,Senior Data Scientist,Senior Data Scientist | Snowflake | AWS | MarTech
50797151,Data Science,Senior Data Scientist,Senior Data Scientist
50791588,Data Science,Senior Data Scientist,Senior Data Scientist
50898558,Data Science,Data Scientist,Data Scientist
50898428,Data Science,Data Scientist,Senior Data Scientist
50891717,Data Science,Data Scientist,Lead Data Scientist
50891498,Data Science,Data Scientist,Data Scientist
50890768,Data Science,Data Scientist,Senior Data Scientist
50885434,Data Science,Data Scientist,Data Scientist
50873396,Data Science,Data Scientist,Data Scientist
50870634,Data Science,Data Scientist,Data Scientist Proteomics
50859345,Data Science,Data Scientist,Senior Data Scientist
50858343,Data Science,Data Scientist,Software Developer
50856897,Data Science,Data Scientist,Senior Data Scientist
50850806,Data Science,Data Scientist,Junior Data Scientist
50850753,Data Science,Data Scientist,Senior Data Scientist
50847741,Data Science,Data Scientist,Data Scientist - Oil & Gas OT/IT
50845610,Data Science,Data Scientist,Data Scientist
50841554,Data Science,Data Scientist,Senior Data Scientist
50838212,Data Science,Data Scientist,Data Scientist (Defence)
50829938,Data Science,Data Scientist,Data Science / Advanced Analytics Lead
50824185,Data Science,Data Scientist,"Team Lead, Data Scientist"
50823372,Data Science,Data Scientist,Data Scientist
50822775,Data Science,Data Scientist,Senior Data Scientist | Snowflake | AWS | MarTech
50822430,Data Science,Data Scientist,Data Scientist (Marketing)
50806566,Data Science,Data Scientist,Data Scientist
50805367,Data Science,Data Scientist,Data Scientist
50798812,Data Science,Data Scientist,Data Scientist - Personalisation
50797151,Data Science,Data Scientist,Senior Data Scientist
50793936,Data Science,Data Scientist,X3 Data Scientist | Machine Learning & AI
50793464,Data Science,Data Scientist,Data Scientist (Remote Opportunity)
50793451,Data Science,Data Scientist,Data Scientist
50791588,Data Science,Data Scientist,Senior Data Scientist
50791532,Data Science,Data Scientist,Data Scientist - Modelling Team
50789784,Data Science,Data Scientist,Data Scientist
50788318,Data Science,Data Scientist,Data Scientist-Multiple!
50786699,Data Science,Data Scientist,Data Scientist
50783110,Data Science,Data Scientist,Data Scientist
50781655,Data Science,Data Scientist,Data Scientist
50780692,Data Science,Data Scientist,Data Scientist - $650 - $720/day
50780514,Data Science,Data Scientist,Data Scientist (various positions)
50775484,Data Science,Data Scientist,Marketing Data Scientist
50771794,Data Science,Data Scientist,Data Scientist - Recommendation Systems
50771589,Data Science,Data Scientist,Data Scientist
50759817,Data Science,Data Scientist,Data Scientist Lead APAC
50758210,Data Science,Data Scientist,Data Scientist
50756045,Data Science,Data Scientist,Data Scientist
50755753,Data Science,Data Scientist,Data Scientist
50752359,Data Science,Data Scientist,Data Scientist
50746971,Data Science,Data Scientist,Data Scientist
50733835,Data Science,Data Scientist,Data Scientist
50732163,Data Science,Data Scientist,Data Scientist
50727338,Data Science,Data Scientist,Lead Data Scientist
50722561,Data Science,Data Scientist,Principal Data Scientist
50722560,Data Science,Data Scientist,Principal Data Scientist
50721899,Data Science,Data Scientist,Data Scientist
50721394,Data Science,Data Scientist,Principal Data Scientist
50898948,Data Analysis,Senior Data Analyst,Senior Data Analyst
50896814,Data Analysis,Senior Data Analyst,Senior Data Analyst-VPS 6
50896365,Data Analysis,Senior Data Analyst,Senior Data Analyst
50880257,Data Analysis,Senior Data Analyst,Senior Data Analyst
50853680,Data Analysis,Senior Data Analyst,Real-Time Data Analyst (Oil & Gas)
50852219,Data Analysis,Senior Data Analyst,Senior Data Analyst
50829553,Data Analysis,Senior Data Analyst,Data Analyst
50819032,Data Analysis,Senior Data Analyst,Senior Data Analyst
50796082,Data Analysis,Senior Data Analyst,Senior Data Analyst
50793276,Data Analysis,Senior Data Analyst,Senior Data Analyst
50786670,Data Analysis,Senior Data Analyst,Senior Data Analyst
50779358,Data Analysis,Senior Data Analyst,Senior Data Analyst – Immediate start
50766895,Data Analysis,Senior Data Analyst,Senior Data Analyst
50747012,Data Analysis,Senior Data Analyst,Senior Data Analyst
50718672,Data Analysis,Senior Data Analyst,Senior Data Analyst / Manager
50717079,Data Analysis,Senior Data Analyst,Senior Data Analyst
50899314,Data Analysis,Data Analyst,Data Analyst
50898948,Data Analysis,Data Analyst,Senior Data Analyst
50898186,Data Analysis,Data Analyst,Health and Safety Data Analyst
50897832,Data Analysis,Data Analyst,Graduate Terminal Modelling and Data Analyst
50897689,Data Analysis,Data Analyst,Data Analyst -  Contract
50896814,Data Analysis,Data Analyst,Senior Data Analyst-VPS 6
50896365,Data Analysis,Data Analyst,Senior Data Analyst
50895649,Data Analysis,Data Analyst,Data Analyst
50895442,Data Analysis,Data Analyst,Salesforce Data Analyst
50894596,Data Analysis,Data Analyst,Data Analyst
50891016,Data Analysis,Data Analyst,Data Analyst (Junior)
50890766,Data Analysis,Data Analyst,Superannuation Data Analyst
50890746,Data Analysis,Data Analyst,Data Analyst
50889218,Data Analysis,Data Analyst,Data Analyst
50886880,Data Analysis,Data Analyst,Data Analyst and Modeler
50886069,Data Analysis,Data Analyst,Data Analyst (PowerBI Specialist)
50885322,Data Analysis,Data Analyst,Data Analyst and Modeler
50884943,Data Analysis,Data Analyst,APS5 Social Research Project Officer/Data Analyst
50884854,Data Analysis,Data Analyst,DATA ANALYST
50884853,Data Analysis,Data Analyst,DATA ANALYST
50883097,Data Analysis,Data Analyst,Market Data Analyst
50882838,Data Analysis,Data Analyst,Data Analyst
50880257,Data Analysis,Data Analyst,Senior Data Analyst
50879962,Data Analysis,Data Analyst,Data Analyst
50879728,Data Analysis,Data Analyst,Data Analyst
50879665,Data Analysis,Data Analyst,Data Analyst
50878882,Data Analysis,Data Analyst,Data Analyst
50878700,Data Analysis,Data Analyst,Data Analyst
50877446,Data Analysis,Data Analyst,Category/Data Analyst
50876974,Data Analysis,Data Analyst,Data Analyst
50876927,Data Analysis,Data Analyst,Data Analyst
50876829,Data Analysis,Data Analyst,Data Analyst
50876800,Data Analysis,Data Analyst,Junior Systems Analyst
50876396,Data Analysis,Data Analyst,Senior Health Data Analyst
50875406,Data Analysis,Data Analyst,Billing and Data Analyst
50874750,Data Analysis,Data Analyst,Data Analyst
50873523,Data Analysis,Data Analyst,Data Analyst
50869926,Data Analysis,Data Analyst,Value Based Health Care Data Analyst - Lismore
50865986,Data Analysis,Data Analyst,Senior Product Manager / Data Analyst - Growing Start-up Company
50865665,Data Analysis,Data Analyst,Data Analyst
50864962,Data Analysis,Data Analyst,Data Analyst - Risk
50864265,Data Analysis,Data Analyst,Data Analyst
50864024,Data Analysis,Data Analyst,Data Analyst
50861215,Data Analysis,Data Analyst,Senior Data Governance Analyst - Banking
50859204,Data Analysis,Data Analyst,Entry Level Intelligence Analyst
50859203,Data Analysis,Data Analyst,Entry Level Intelligence Analyst
50858920,Data Analysis,Data Analyst,Entry Level Intelligence Analyst
50858921,Data Analysis,Data Analyst,Entry Level Intelligence Analyst
50858754,Data Analysis,Data Analyst,Customer Data Analyst
50853680,Data Analysis,Data Analyst,Real-Time Data Analyst (Oil & Gas)
50852219,Data Analysis,Data Analyst,Senior Data Analyst
50851931,Data Analysis,Data Analyst,"Resource Data Analyst - Performance, Regulation & Governance"
50851929,Data Analysis,Data Analyst,"Resource Data Analyst - Performance, Regulation & Governance"
50851896,Data Analysis,Data Analyst,"Resource Data Analyst - Performance, Regulation & Governance"
50851483,Data Analysis,Data Analyst,Data Analyst - XML / Excel - Clinical Project - Federal Government!
50850948,Data Analysis,Data Analyst,Data Analyst
50847680,Data Analysis,Data Analyst,Asset Data Analyst
50847679,Data Analysis,Data Analyst,Asset Data Analyst
50847002,Data Analysis,Data Analyst,BI / Data Analyst
50845451,Data Analysis,Data Analyst,Quality Assurance Engineer
50845279,Data Analysis,Data Analyst,SEM Data Analyst
50844560,Data Analysis,Data Analyst,Computer Programmer / Data Analyst
50842793,Data Analysis,Data Analyst,Data Analyst
50842093,Data Analysis,Data Analyst,Data Analyst
50842094,Data Analysis,Data Analyst,Data Analyst
50840497,Data Analysis,Data Analyst,Data Analyst
50834970,Data Analysis,Data Analyst,Data Analyst
50834722,Data Analysis,Data Analyst,Data Analyst
50834224,Data Analysis,Data Analyst,Data Analyst
50833630,Data Analysis,Data Analyst,Data Analyst
50830068,Data Analysis,Data Analyst,SQL Developer / Data Analyst
50829553,Data Analysis,Data Analyst,Data Analyst
50829150,Data Analysis,Data Analyst,Geo-spatial Data Analyst
50827740,Data Analysis,Data Analyst,Data Analyst with Agile and Banking experience
50827150,Data Analysis,Data Analyst,Data Analyst and Quality Systems Officer
50823832,Data Analysis,Data Analyst,Master Data Analyst
50821022,Data Analysis,Data Analyst,Data Analyst
50819032,Data Analysis,Data Analyst,Senior Data Analyst
50818509,Data Analysis,Data Analyst,IAM BeyondTrust Onboarding Specialist
50818503,Data Analysis,Data Analyst,Business Data Analyst
50814510,Data Analysis,Data Analyst,Data Analyst
50810921,Data Analysis,Data Analyst,Optimisation Analyst / Data Analyst
50808986,Data Analysis,Data Analyst,Data Analyst
50798147,Data Analysis,Data Analyst,Data Analyst/Test Analyst
50796498,Data Analysis,Data Analyst,Data Analyst
50796082,Data Analysis,Data Analyst,Senior Data Analyst
50793276,Data Analysis,Data Analyst,Senior Data Analyst
50793071,Data Analysis,Data Analyst,Graduate Data Analyst
50792053,Data Analysis,Data Analyst,Data Analyst
50786670,Data Analysis,Data Analyst,Senior Data Analyst
50781403,Data Analysis,Data Analyst,Data Analyst
50781361,Data Analysis,Data Analyst,SAP Master Data Analyst
50780091,Data Analysis,Data Analyst,SAP Data Analyst
50780088,Data Analysis,Data Analyst,Data Analyst ( SAP/Salesforce)
50779358,Data Analysis,Data Analyst,Senior Data Analyst – Immediate start
50776323,Data Analysis,Data Analyst,Data Analyst
50775460,Data Analysis,Data Analyst,Data Analyst
50771403,Data Analysis,Data Analyst,Data Analyst
50771130,Data Analysis,Data Analyst,Data Analyst
50766895,Data Analysis,Data Analyst,Senior Data Analyst
50765002,Data Analysis,Data Analyst,Data Analyst | Risk | Data |  $90k-$115k
50761419,Data Analysis,Data Analyst,Data Analyst - APS6
50760926,Data Analysis,Data Analyst,Data Analyst
50760659,Data Analysis,Data Analyst,SAP Master Data Consultant
50759027,Data Analysis,Data Analyst,Data Analyst - Enterprise Data Maintenance
50758793,Data Analysis,Data Analyst,Data Analysts
50756384,Data Analysis,Data Analyst,Data Analyst
50756364,Data Analysis,Data Analyst,Data Analyst/Data Specialist/Data Mangement
50754965,Data Analysis,Data Analyst,Data Modeller
50754237,Data Analysis,Data Analyst,CRM Data Analyst
50752208,Data Analysis,Data Analyst,Data Analyst /Technical Data Architect
50749214,Data Analysis,Data Analyst,Data Analyst (Reporting)
50747012,Data Analysis,Data Analyst,Senior Data Analyst
50746987,Data Analysis,Data Analyst,Data Analyst/Power BI Developer - Regional Role - Relocation Assistance Provided
50744814,Data Analysis,Data Analyst,Digital Data Analyst (SQL)
50743192,Data Analysis,Data Analyst,Data Analyst
50568946,Data Analysis,Data Analyst,Data Analyst
50738998,Data Analysis,Data Analyst,Data Reporting Analyst
50738444,Data Analysis,Data Analyst,Research Data Analyst
50737588,Data Analysis,Data Analyst,Master Data Analyst
50736331,Data Analysis,Data Analyst,Data Analyst - Multiple roles
50735448,Data Analysis,Data Analyst,Data Analyst
50735081,Data Analysis,Data Analyst,Research Data Analyst
50733416,Data Analysis,Data Analyst,Data Analyst/Scientist
50732963,Data Analysis,Data Analyst,Data Analyst / Reporting Analyst with S/W Implementation Exp - Consultant Role
50732366,Data Analysis,Data Analyst,APS4 to EL2 Data Analysts
50730345,Data Analysis,Data Analyst,Data Analyst
50729925,Data Analysis,Data Analyst,"Data Analyst - Superannuation, Superb"
50729263,Data Analysis,Data Analyst,Start your new career as a Data Analyst
50724411,Data Analysis,Data Analyst,Data Analyst
50724133,Data Analysis,Data Analyst,Business Intelligence Developer / Data Analyst
50720933,Data Analysis,Data Analyst,GIS and Data Analyst
50719915,Data Analysis,Data Analyst,Data Analyst
50718672,Data Analysis,Data Analyst,Senior Data Analyst / Manager
50717332,Data Analysis,Data Analyst,Data Analyst
50717079,Data Analysis,Data Analyst,Senior Data Analyst
50716502,Data Analysis,Data Analyst,Data Analytics /BI Developer
50708560,Data Analysis,Data Analyst,Data Analyst/Manager
50706521,Data Analysis,Data Analyst,Data Analyst/ Tech BA
50702376,Data Analysis,Data Analyst,Data Analyst
50669480,Data Analysis,Data Analyst,Business Intelligence Developer/Data Analyst
50793071,Data Analysis,Graduate Data Analyst,Graduate Data Analyst
50894147,Data Engineering,Senior Data Engineer,Senior Data Engineer
50892224,Data Engineering,Senior Data Engineer,Senior Data Engineer
50699749,Data Engineering,Senior Data Engineer,Senior Data Engineer
50865782,Data Engineering,Senior Data Engineer,Senior Data Engineer - Scala/Spark
50864188,Data Engineering,Senior Data Engineer,Senior Data Engineer (Databricks)
50863600,Data Engineering,Senior Data Engineer,Senior Data Engineer - Azure | Databricks
50861357,Data Engineering,Senior Data Engineer,Senior Data Engineer
50857737,Data Engineering,Senior Data Engineer,Senior Data Engineer - Python and AWS
50846463,Data Engineering,Senior Data Engineer,Senior Data Engineer - Investment Bank
50827263,Data Engineering,Senior Data Engineer,Data Engineer / Collibra Ranger
50810163,Data Engineering,Senior Data Engineer,Senior Data Engineer
50808860,Data Engineering,Senior Data Engineer,Senior Data Engineer - AI/ML
50801742,Data Engineering,Senior Data Engineer,Senior Data Engineer
50801429,Data Engineering,Senior Data Engineer,Senior Data Engineer (AWS)
50796008,Data Engineering,Senior Data Engineer,Senior Data Engineer - Banking
50794073,Data Engineering,Senior Data Engineer,Senior Data Engineer - GCP/AWS
50793916,Data Engineering,Senior Data Engineer,Senior Data Engineer
50792173,Data Engineering,Senior Data Engineer,Senior Data Engineer / Solutions Designer
50789794,Data Engineering,Senior Data Engineer,Senior Data Engineer
50769653,Data Engineering,Senior Data Engineer,Senior Data Engineer
50757439,Data Engineering,Senior Data Engineer,Senior Data Engineer / Data Engineer
50756735,Data Engineering,Senior Data Engineer,Senior Data Engineer
50752413,Data Engineering,Senior Data Engineer,Senior Data Engineer
50739698,Data Engineering,Senior Data Engineer,Senior Data Engineer
50734320,Data Engineering,Senior Data Engineer,Senior Data Engineer
50733453,Data Engineering,Senior Data Engineer,Senior Data Engineer (Contract)
50731422,Data Engineering,Senior Data Engineer,Data Developer & Senior Data Engineer
50726954,Data Engineering,Senior Data Engineer,Senior Data Engineer
50722023,Data Engineering,Senior Data Engineer,"Senior Data Engineer - ETL, Python and AWS"
50715868,Data Engineering,Senior Data Engineer,Senior Data Engineer
50714802,Data Engineering,Senior Data Engineer,Senior Data Engineer - AWS/Azure/GCP
50898700,Data Engineering,Data Engineer,Azure Data Engineer
50897450,Data Engineering,Data Engineer,"Data Engineer, Asset Systems & Data"
50897451,Data Engineering,Data Engineer,"Data Engineer, Asset Systems & Data"
50896516,Data Engineering,Data Engineer,Data Engineer
50895553,Data Engineering,Data Engineer,Data Engineer - Azure & Power BI
50894147,Data Engineering,Data Engineer,Senior Data Engineer
50892224,Data Engineering,Data Engineer,Senior Data Engineer
50891897,Data Engineering,Data Engineer,Data Engineer
50891267,Data Engineering,Data Engineer,Data Warehouse Engineer
50890767,Data Engineering,Data Engineer,"Data Engineer -GCP, Python"
50890010,Data Engineering,Data Engineer,Lead Data Engineer (Python/Hadoop) - Finance - Sydney
50889128,Data Engineering,Data Engineer,Azure Data Engineer
50888095,Data Engineering,Data Engineer,Cloud Data Engineer
50884254,Data Engineering,Data Engineer,Data Engineer / Developer
50882950,Data Engineering,Data Engineer,Principal Data Engineer
50882585,Data Engineering,Data Engineer,AWS Data Engineer
50882205,Data Engineering,Data Engineer,Data Engineer
50880974,Data Engineering,Data Engineer,"Data Engineer - 6 Month Contract - Python, AWS, Airflow"
50879977,Data Engineering,Data Engineer,Data Engineer
50879768,Data Engineering,Data Engineer,Data Engineer
50879215,Data Engineering,Data Engineer,Data Engineer
50876172,Data Engineering,Data Engineer,Data Engineer
50875870,Data Engineering,Data Engineer,Big Data Engineer
50875070,Data Engineering,Data Engineer,Data Engineer
50873120,Data Engineering,Data Engineer,Data Engineer
50871750,Data Engineering,Data Engineer,Azure Data Engineer (Melbourne CBD)
50699749,Data Engineering,Data Engineer,Senior Data Engineer
50866742,Data Engineering,Data Engineer,Sr.Data Engineer
50866574,Data Engineering,Data Engineer,Data Engineer
50865782,Data Engineering,Data Engineer,Senior Data Engineer - Scala/Spark
50864188,Data Engineering,Data Engineer,Senior Data Engineer (Databricks)
50863977,Data Engineering,Data Engineer,Data Engineer (AWS / ETL)
50863600,Data Engineering,Data Engineer,Senior Data Engineer - Azure | Databricks
50863443,Data Engineering,Data Engineer,Data Engineer / BI Analyst
50862492,Data Engineering,Data Engineer,Data Engineer
50862209,Data Engineering,Data Engineer,AWS Data Engineer
50861592,Data Engineering,Data Engineer,Data Engineer - Microsoft Azure Cloud / PySpark
50861531,Data Engineering,Data Engineer,Lead Data Engineer
50861357,Data Engineering,Data Engineer,Senior Data Engineer
50861249,Data Engineering,Data Engineer,Data Engineer
50860549,Data Engineering,Data Engineer,Junior Data Engineer
50860544,Data Engineering,Data Engineer,Data Engineer
50859003,Data Engineering,Data Engineer,Cloud Developer/Data Engineer
50859002,Data Engineering,Data Engineer,Cloud Developer/Data Engineer
50857787,Data Engineering,Data Engineer,ETL Data Engineer - Matillion
50857737,Data Engineering,Data Engineer,Senior Data Engineer - Python and AWS
50857275,Data Engineering,Data Engineer,Data Engineer - Consultant
50856007,Data Engineering,Data Engineer,Senior Consultant - Data Engineer
50856006,Data Engineering,Data Engineer,Data Engineer
50855670,Data Engineering,Data Engineer,Data Engineer / Specialist
50852237,Data Engineering,Data Engineer,Data Engineer / BI Developer
50851135,Data Engineering,Data Engineer,Senior Analytics Engineer
50849816,Data Engineering,Data Engineer,Google Cloud Data Engineer- Sydney
50848140,Data Engineering,Data Engineer,Data Engineer
50846463,Data Engineering,Data Engineer,Senior Data Engineer - Investment Bank
50845324,Data Engineering,Data Engineer,Azure Platform & Data Engineer
50845266,Data Engineering,Data Engineer,Data Engineer
50845152,Data Engineering,Data Engineer,Data Engineer
50321856,Data Engineering,Data Engineer,Senior AWS Big Data Engineer - Sydney and Brisbane
50843606,Data Engineering,Data Engineer,Data Engineer
50841784,Data Engineering,Data Engineer,Data Engineer
50841783,Data Engineering,Data Engineer,Data Engineer
50840516,Data Engineering,Data Engineer,Cloud Data Engineer
50840314,Data Engineering,Data Engineer,ETL Data Engineer
50838913,Data Engineering,Data Engineer,Data Engineer/Business Intelligence Analyst
50838644,Data Engineering,Data Engineer,Data Engineer
50838563,Data Engineering,Data Engineer,Data Architect
50837659,Data Engineering,Data Engineer,Data Engineer
50835777,Data Engineering,Data Engineer,Data Engineer
50834388,Data Engineering,Data Engineer,Data Engineer
50831431,Data Engineering,Data Engineer,DevOps & Systems Engineer - Python Linux Automation Low Latency Trading Systems
50831130,Data Engineering,Data Engineer,SAS Data Engineer
50829666,Data Engineering,Data Engineer,Azure Data Engineer/ Developer
50827263,Data Engineering,Data Engineer,Data Engineer / Collibra Ranger
50825652,Data Engineering,Data Engineer,Data Engineer - Azure
50824221,Data Engineering,Data Engineer,DevOps Data Engineer
50824033,Data Engineering,Data Engineer,Data Engineer
50824015,Data Engineering,Data Engineer,Data Engineer
50823862,Data Engineering,Data Engineer,Cloud Data Engineer
50822057,Data Engineering,Data Engineer,Data / SQL Engineer
50814583,Data Engineering,Data Engineer,Senior Network Technician at Net Intellect
50813555,Data Engineering,Data Engineer,Data Specialist
50810229,Data Engineering,Data Engineer,"Data Engineer - Data science , Machine learning , SQL, Python, R"
50810179,Data Engineering,Data Engineer,Junior Data Engineer
50810163,Data Engineering,Data Engineer,Senior Data Engineer
50810134,Data Engineering,Data Engineer,"Software / Data Engineer - Python, GCP - PERM"
50809942,Data Engineering,Data Engineer,Data Engineer
50809884,Data Engineering,Data Engineer,Junior Data Engineer
50809738,Data Engineering,Data Engineer,AWS Data Engineer
50809664,Data Engineering,Data Engineer,Data Engineer
50809074,Data Engineering,Data Engineer,Hybrid Data Engineer/Data Scientist - Senior role
50808860,Data Engineering,Data Engineer,Senior Data Engineer - AI/ML
50804701,Data Engineering,Data Engineer,AWS/ML Data Engineer (Contract)
50804426,Data Engineering,Data Engineer,Data Engineer
50443429,Data Engineering,Data Engineer,Data Engineer (Streaming/Real-time Integration) - Sydney
50802917,Data Engineering,Data Engineer,Big Data - Cloudera Consultant
50801878,Data Engineering,Data Engineer,Data Engineer
50801742,Data Engineering,Data Engineer,Senior Data Engineer
50801435,Data Engineering,Data Engineer,Business Intelligence Data Engineer
50801429,Data Engineering,Data Engineer,Senior Data Engineer (AWS)
50801392,Data Engineering,Data Engineer,Senior DevOps Data Engineer AWS/Azure
50801357,Data Engineering,Data Engineer,Data Engineer
50801240,Data Engineering,Data Engineer,Data Engineer
50799985,Data Engineering,Data Engineer,Data Engineer
50799688,Data Engineering,Data Engineer,Data Engineer
50799393,Data Engineering,Data Engineer,Data Engineer
50798846,Data Engineering,Data Engineer,Data Engineer (Data Science)
50798550,Data Engineering,Data Engineer,Data Engineer
50798463,Data Engineering,Data Engineer,"Data Engineer - SSIS, SSRS, Modelling and ETL."
50798458,Data Engineering,Data Engineer,Application and Data Engineer
50796008,Data Engineering,Data Engineer,Senior Data Engineer - Banking
50795364,Data Engineering,Data Engineer,"Expressions of Interest - Data Engineers, BI Consultants and Data Modellers"
50794073,Data Engineering,Data Engineer,Senior Data Engineer - GCP/AWS
50793916,Data Engineering,Data Engineer,Senior Data Engineer
50793314,Data Engineering,Data Engineer,Data Engineer
50792741,Data Engineering,Data Engineer,Tech Lead - Big Data Engineer - design 2 roles
50792318,Data Engineering,Data Engineer,Big Data Engineer
50792173,Data Engineering,Data Engineer,Senior Data Engineer / Solutions Designer
50791587,Data Engineering,Data Engineer,Data Engineer - Up to $900/Day
50790130,Data Engineering,Data Engineer,Data Engineer
50790025,Data Engineering,Data Engineer,Data Network Engineer
50789794,Data Engineering,Data Engineer,Senior Data Engineer
50789582,Data Engineering,Data Engineer,Platform Data Engineer
50788167,Data Engineering,Data Engineer,Data Engineer
50781832,Data Engineering,Data Engineer,Data Engineer
50781818,Data Engineering,Data Engineer,Data Engineer
50781404,Data Engineering,Data Engineer,Full Stack Developer/ Data Engineer
50781366,Data Engineering,Data Engineer,DATA ENGINEER - Expression of Interest
50781320,Data Engineering,Data Engineer,Data Engineer
50778844,Data Engineering,Data Engineer,Data Engineer
50775679,Data Engineering,Data Engineer,Data Engineer
50774212,Data Engineering,Data Engineer,Data Engineer
50772685,Data Engineering,Data Engineer,Azure Data Engineer
50772294,Data Engineering,Data Engineer,Data Engineer
50770755,Data Engineering,Data Engineer,Data Engineer
50770272,Data Engineering,Data Engineer,Junior Data Engineer
50769653,Data Engineering,Data Engineer,Senior Data Engineer
50763345,Data Engineering,Data Engineer,Data Engineer
50760615,Data Engineering,Data Engineer,Data Engineer
50757439,Data Engineering,Data Engineer,Senior Data Engineer / Data Engineer
50756735,Data Engineering,Data Engineer,Senior Data Engineer
50755103,Data Engineering,Data Engineer,Lead Data Engineer
50752413,Data Engineering,Data Engineer,Senior Data Engineer
50740704,Data Engineering,Data Engineer,Data Engineer – SAP Master Data Management (MDG) - Canberra
50739698,Data Engineering,Data Engineer,Senior Data Engineer
50738720,Data Engineering,Data Engineer,Data Engineer
50738513,Data Engineering,Data Engineer,Data Engineer | BI Developer
50737832,Data Engineering,Data Engineer,Senior Azure Data Engineer
50736072,Data Engineering,Data Engineer,Data Engineer - Software Engineer
50734320,Data Engineering,Data Engineer,Senior Data Engineer
50733453,Data Engineering,Data Engineer,Senior Data Engineer (Contract)
50731422,Data Engineering,Data Engineer,Data Developer & Senior Data Engineer
50730105,Data Engineering,Data Engineer,Senior Software/Data Engineer
50728608,Data Engineering,Data Engineer,Lead Data Engineer
50726954,Data Engineering,Data Engineer,Senior Data Engineer
50726448,Data Engineering,Data Engineer,Data Engineer
50724245,Data Engineering,Data Engineer,Data Engineer / Data Specialist
50723850,Data Engineering,Data Engineer,Data Engineer
50722835,Data Engineering,Data Engineer,"Senior Software / Data Engineer - Python, GCP"
50722023,Data Engineering,Data Engineer,"Senior Data Engineer - ETL, Python and AWS"
50716858,Data Engineering,Data Engineer,Junior Data Engineer (AWS)
50716813,Data Engineering,Data Engineer,Junior Data Engineer (AWS)
50715868,Data Engineering,Data Engineer,Senior Data Engineer
50714802,Data Engineering,Data Engineer,Senior Data Engineer - AWS/Azure/GCP
50713458,Data Engineering,Data Engineer,Software Engineer/Data Engineer
50710703,Data Engineering,Data Engineer,Data Engineer
50710484,Data Engineering,Data Engineer,Data Engineer
50709824,Data Engineering,Data Engineer,Data Engineer
50708739,Data Engineering,Data Engineer,Big Data Engineer - Multiple roles
50706109,Data Engineering,Data Engineer,Data Engineer - Scala
50701286,Data Engineering,Data Engineer,Data Engineer
50883527,Data Architect,Senior Data Architect,Senior Data Architect
50810920,Data Architect,Senior Data Architect,Python Developer - Data and Analytics Environment.
50774361,Data Architect,Senior Data Architect,Senior Data Architect - Data Engineering and Cloud.
50889107,Data Architect,Data Architect,Salesforce Data Architect (Migration SME) - Lead Consultant
50889092,Data Architect,Data Architect,Salesforce Data Architect (Migration SME) - Lead Consultant
50883527,Data Architect,Data Architect,Senior Data Architect
50875742,Data Architect,Data Architect,Data Architect
50873815,Data Architect,Data Architect,Data Architect - NCSR
50851992,Data Architect,Data Architect,Data Architect
50849839,Data Architect,Data Architect,Enterprise Data Architect
50841599,Data Architect,Data Architect,Enterprise Data Architect
50838563,Data Architect,Data Architect,Data Architect
50832312,Data Architect,Data Architect,Enterprise Data Architect
50806669,Data Architect,Data Architect,Architect X 2 roles (Enterprise / Data)
50774361,Data Architect,Data Architect,Senior Data Architect - Data Engineering and Cloud.
50752820,Data Architect,Data Architect,Lead SQL Developer/ Data Architect
50714987,Data Architect,Data Architect,Data Architect - AWS
50750900,Data Architect,Data Architect,Information / Data Architect and Solution Architect
50747766,Data Architect,Data Architect,Information / Data Architect and Solution Architect
50741171,Data Architect,Data Architect,Data Architect
50737982,Data Architect,Data Architect,Data Architect
50729236,Data Architect,Data Architect,Technical Architect (Data Architect)
50702795,Data Architect,Data Architect,Enterprise Asset Data Solution Architect
50841372,Business Intelligence,Senior Business Intelligence Developer,Senior Business Intelligence Developer
50742089,Business Intelligence,Senior Business Intelligence Developer,Senior Bi Developer
50898638,Business Intelligence,Senior BI Developer,Senior BI Developer - Qlikview
50852209,Business Intelligence,Senior BI Developer,Senior BI Developer
50742089,Business Intelligence,Senior BI Developer,Senior Bi Developer
50810465,Business Intelligence,Senior Business Intelligence Specialist,PowerBI Specialist
50810437,Business Intelligence,Senior Business Intelligence Specialist,PowerBI Specialist
50849040,Business Intelligence,Senior Business Intelligence Analyst,Senior Business Intelligence Analyst
50834263,Business Intelligence,Senior Business Intelligence Analyst,Senior Business Intelligence Analyst
50815691,Business Intelligence,Senior Business Intelligence Analyst,Business Intelligence Analyst - Federal Government
50815346,Business Intelligence,Senior Business Intelligence Analyst,Senior Business Intelligence Analyst
50768722,Business Intelligence,Senior Business Intelligence Analyst,Senior Business Intelligence Analyst
50743868,Business Intelligence,Senior Business Intelligence Analyst,Senior Business Intelligence Analyst
50768722,Business Intelligence,Senior BI Analyst,Senior Business Intelligence Analyst
50893250,Business Intelligence,Business Intelligence Developer,Business Intelligence Developer
50874351,Business Intelligence,Business Intelligence Developer,Business Intelligence Developer
50852324,Business Intelligence,Business Intelligence Developer,"SQL, Azure, BI Developer, Rolling Contract | ACT"
50852237,Business Intelligence,Business Intelligence Developer,Data Engineer / BI Developer
50841372,Business Intelligence,Business Intelligence Developer,Senior Business Intelligence Developer
50839656,Business Intelligence,Business Intelligence Developer,Business Intelligence Developer
50807819,Business Intelligence,Business Intelligence Developer,Business Intelligence Developer
50781736,Business Intelligence,Business Intelligence Developer,Business Intelligence Developer
50756907,Business Intelligence,Business Intelligence Developer,"Business Intelligence Developer - Power BI, ETL, SQL, SSAS, Azure, Tabular"
50755185,Business Intelligence,Business Intelligence Developer,Business Intelligence Developer
50742089,Business Intelligence,Business Intelligence Developer,Senior Bi Developer
50738513,Business Intelligence,Business Intelligence Developer,Data Engineer | BI Developer
50725491,Business Intelligence,Business Intelligence Developer,Senior Power BI Visualisation Specialist
50724133,Business Intelligence,Business Intelligence Developer,Business Intelligence Developer / Data Analyst
50714228,Business Intelligence,Business Intelligence Developer,BI Developer
50669480,Business Intelligence,Business Intelligence Developer,Business Intelligence Developer/Data Analyst
50898638,Business Intelligence,BI Developer,Senior BI Developer - Qlikview
50897025,Business Intelligence,BI Developer,Senior PowerBI Developer - VIME & Portal Program
50890769,Business Intelligence,BI Developer,MS BI Developer
50872681,Business Intelligence,BI Developer,BI Developer
50871644,Business Intelligence,BI Developer,BI Developer
50870967,Business Intelligence,BI Developer,BI Developer
50870875,Business Intelligence,BI Developer,Senior Data Services Developer
50869489,Business Intelligence,BI Developer,"BI Developer (SAS, Python, SQL, Teradata)"
50869348,Business Intelligence,BI Developer,BI Developer
50864351,Business Intelligence,BI Developer,BI Developer
50864138,Business Intelligence,BI Developer,BI Developer
50852324,Business Intelligence,BI Developer,"SQL, Azure, BI Developer, Rolling Contract | ACT"
50852237,Business Intelligence,BI Developer,Data Engineer / BI Developer
50852209,Business Intelligence,BI Developer,Senior BI Developer
50849512,Business Intelligence,BI Developer,Senior Power BI Developer
50848348,Business Intelligence,BI Developer,Data Services Developer - SQL / Teradata
50832453,Business Intelligence,BI Developer,BI Reporting Analyst
50813761,Business Intelligence,BI Developer,Power BI Developer
50805523,Business Intelligence,BI Developer,SQL BI Developer (SSIS/PowerBI)
50793462,Business Intelligence,BI Developer,Microsoft BI Developer/Analyst | 12 Month Contract |
50792610,Business Intelligence,BI Developer,Power BI Developer
50790538,Business Intelligence,BI Developer,BI Developer
50788989,Business Intelligence,BI Developer,Microsoft ETL/BI Developer
50780814,Business Intelligence,BI Developer,Report Developer: Microsoft SSRS & SSAS
50758969,Business Intelligence,BI Developer,SQL Developer
50757496,Business Intelligence,BI Developer,Data Analytics /BI Developer
50756907,Business Intelligence,BI Developer,"Business Intelligence Developer - Power BI, ETL, SQL, SSAS, Azure, Tabular"
50746987,Business Intelligence,BI Developer,Data Analyst/Power BI Developer - Regional Role - Relocation Assistance Provided
50744149,Business Intelligence,BI Developer,"Power BI Developer - ETL, SQL, SSAS, Azure"
50743171,Business Intelligence,BI Developer,BI Analyst / Report Writer
50742089,Business Intelligence,BI Developer,Senior Bi Developer
50738513,Business Intelligence,BI Developer,Data Engineer | BI Developer
50716711,Business Intelligence,BI Developer,Power BI developer
50716502,Business Intelligence,BI Developer,Data Analytics /BI Developer
50715089,Business Intelligence,BI Developer,Power BI Developer on SAP Hana
50714228,Business Intelligence,BI Developer,BI Developer
50816244,Business Intelligence,Business Intelligence Specialist,Business Intelligence Specialist - Growing Automotive Group
50724409,Business Intelligence,Business Intelligence Specialist,Business Intelligence Specialist - Growing Automotive Group
50886130,Business Intelligence,BI Specialist,BI Specialist
50829772,Business Intelligence,BI Specialist,Data Warehouse and BI Specialist
50816244,Business Intelligence,BI Specialist,Business Intelligence Specialist - Growing Automotive Group
50760439,Business Intelligence,BI Specialist,Data Visualisation Developer
50724409,Business Intelligence,BI Specialist,Business Intelligence Specialist - Growing Automotive Group
50885556,Business Intelligence,Business Intelligence Analyst,Business Intelligence Analyst
50885555,Business Intelligence,Business Intelligence Analyst,Business Intelligence Analyst
50863443,Business Intelligence,Business Intelligence Analyst,Data Engineer / BI Analyst
50858670,Business Intelligence,Business Intelligence Analyst,Growth Opportunity
50851206,Business Intelligence,Business Intelligence Analyst,Business Intelligence Analyst
50849040,Business Intelligence,Business Intelligence Analyst,Senior Business Intelligence Analyst
50841085,Business Intelligence,Business Intelligence Analyst,Business Intelligence Analyst
50838913,Business Intelligence,Business Intelligence Analyst,Data Engineer/Business Intelligence Analyst
50834263,Business Intelligence,Business Intelligence Analyst,Senior Business Intelligence Analyst
50822332,Business Intelligence,Business Intelligence Analyst,SQL Developer
50820446,Business Intelligence,Business Intelligence Analyst,Business Intelligence Analyst
50815827,Business Intelligence,Business Intelligence Analyst,Business Intelligence Analyst
50815691,Business Intelligence,Business Intelligence Analyst,Business Intelligence Analyst - Federal Government
50815545,Business Intelligence,Business Intelligence Analyst,Business Intelligence Analyst
50815346,Business Intelligence,Business Intelligence Analyst,Senior Business Intelligence Analyst
50815232,Business Intelligence,Business Intelligence Analyst,Business Intelligence Analyst
50815118,Business Intelligence,Business Intelligence Analyst,Business Intelligence Analyst
50813339,Business Intelligence,Business Intelligence Analyst,Business Intelligence Analyst
50813026,Business Intelligence,Business Intelligence Analyst,Business Intelligence Analyst
50812550,Business Intelligence,Business Intelligence Analyst,BI Analyst
50812495,Business Intelligence,Business Intelligence Analyst,Business Intelligence Analyst
50811428,Business Intelligence,Business Intelligence Analyst,Business Intelligence Analyst
50811408,Business Intelligence,Business Intelligence Analyst,Business Intelligence Analyst - Data Analytics Program
50811119,Business Intelligence,Business Intelligence Analyst,Business Intelligence Analyst - Multiple Positions!
50811117,Business Intelligence,Business Intelligence Analyst,Business Intelligence Analyst - Multiple Positions!
50811116,Business Intelligence,Business Intelligence Analyst,Business Intelligence Analyst - Multiple Positions!
50811115,Business Intelligence,Business Intelligence Analyst,Business Intelligence Analyst - Multiple Positions!
50781836,Business Intelligence,Business Intelligence Analyst,Business Intelligence Analyst
50780543,Business Intelligence,Business Intelligence Analyst,Business Intelligence Analyst - Qlik Sense
50768722,Business Intelligence,Business Intelligence Analyst,Senior Business Intelligence Analyst
50767338,Business Intelligence,Business Intelligence Analyst,Business Intelligence Analyst
50765159,Business Intelligence,Business Intelligence Analyst,BUSINESS INTELLIGENCE ANALYST | INNOVATIVE & GROWING COMPANY
50760518,Business Intelligence,Business Intelligence Analyst,Business Intelligence Analyst
50757060,Business Intelligence,Business Intelligence Analyst,Business Intelligence Analyst
50756964,Business Intelligence,Business Intelligence Analyst,Business Intelligence Analyst
50756816,Business Intelligence,Business Intelligence Analyst,Business Intelligence Analyst
50756671,Business Intelligence,Business Intelligence Analyst,Business Intelligence Analyst
50743868,Business Intelligence,Business Intelligence Analyst,Senior Business Intelligence Analyst
50738197,Business Intelligence,Business Intelligence Analyst,Business Intelligence Analyst
50733621,Business Intelligence,Business Intelligence Analyst,Business Intelligence Analyst
50723966,Business Intelligence,Business Intelligence Analyst,Business Intelligence Analyst
50891016,Business Intelligence,BI Analyst,Data Analyst (Junior)
50883554,Business Intelligence,BI Analyst,BI Analyst
50863443,Business Intelligence,BI Analyst,Data Engineer / BI Analyst
50858670,Business Intelligence,BI Analyst,Growth Opportunity
50853124,Business Intelligence,BI Analyst,SQL Developer/BI Analyst
50821022,Business Intelligence,BI Analyst,Data Analyst
50815232,Business Intelligence,BI Analyst,Business Intelligence Analyst
50814024,Business Intelligence,BI Analyst,BI Analyst
50812550,Business Intelligence,BI Analyst,BI Analyst
50808986,Business Intelligence,BI Analyst,Data Analyst
50780543,Business Intelligence,BI Analyst,Business Intelligence Analyst - Qlik Sense
50768722,Business Intelligence,BI Analyst,Senior Business Intelligence Analyst
50763265,Business Intelligence,BI Analyst,BI Development Specialist - Tableau
50762795,Business Intelligence,BI Analyst,Power BI Analyst - Urgent Contract
50756964,Business Intelligence,BI Analyst,Business Intelligence Analyst
50756816,Business Intelligence,BI Analyst,Business Intelligence Analyst
50743171,Business Intelligence,BI Analyst,BI Analyst / Report Writer
50738197,Business Intelligence,BI Analyst,Business Intelligence Analyst
50723966,Business Intelligence,BI Analyst,Business Intelligence Analyst
50894987,Machine Learning,Machine Learning Engineer,Senior DevOps Engineer
50858034,Machine Learning,Machine Learning Engineer,Machine Learning Engineer  (Computer vision)
50824517,Machine Learning,Machine Learning Engineer,Machine Learning Engineer
50812514,Machine Learning,Machine Learning Engineer,Senior Data Science/Machine Learning Engineer
50804413,Machine Learning,Machine Learning Engineer,Machine Learning Engineer
50787548,Machine Learning,Machine Learning Engineer,Machine Learning Engineer  (Computer vision)
50742723,Machine Learning,Machine Learning Engineer,GCP ML Engineer
50723567,Machine Learning,Machine Learning Engineer,Machine Learning Engineer  (Computer vision)
50896752,ETL Development,Senior ETL DeveloperETL Developer,Senior ETL Developer
50770381,Database Administration,Senior Database Developer,Senior Oracle Developer
50879215,Database Administration,Database Developer,Data Engineer
50873218,Database Administration,Database Developer,SQL Server Database Developer
50851027,Database Administration,Database Developer,Database Developer/BA
50823094,Database Administration,Database Developer,Database Developer
50812060,Database Administration,Database Developer,Molecular Modeler / Computational Chemist / Database Developer
50799393,Database Administration,Database Developer,Data Engineer
50785040,Database Administration,Database Developer,Oracle Database Developer
50770381,Database Administration,Database Developer,Senior Oracle Developer
50751664,Database Administration,Database Developer,SQL Server Developer (Azure migration)
50747210,Database Administration,Database Developer,SQL Database Developer
50729048,Database Administration,Database Developer,Software Developer (VB6)
50708453,Database Administration,Database Developer,SQL Database Developer
50835377,Database Administration,Senior Database Administrator,Senior Database Administrator
50835375,Database Administration,Senior Database Administrator,Senior Database Administrator
50834896,Database Administration,Senior Database Administrator,Oracle DBA
50795818,Database Administration,Senior Database Administrator,Azure Cloud & AI Consultant
50769638,Database Administration,Senior Database Administrator,Senior Database Administrator – Informix
50701771,Database Administration,Senior Database Administrator,DBA - MS SQL/.NET Dev
50899271,Database Administration,Database Administrator,SQL Server Database Administrator/ DevOps Engineer - Global FinTech
50896116,Database Administration,Database Administrator,Database Administrator
50881146,Database Administration,Database Administrator,Database Administrator
50879294,Database Administration,Database Administrator,SAP Basis and Database Administrator
50869923,Database Administration,Database Administrator,Senior Oracle Database Administrator
50867676,Database Administration,Database Administrator,Oracle DBA
50849695,Database Administration,Database Administrator,Database Administrator
50839496,Database Administration,Database Administrator,Database Administrator - Baseline Clearance
50835377,Database Administration,Database Administrator,Senior Database Administrator
50835375,Database Administration,Database Administrator,Senior Database Administrator
50834896,Database Administration,Database Administrator,Oracle DBA
50834893,Database Administration,Database Administrator,Database Administrator(DBA)
50814799,Database Administration,Database Administrator,Database Administrator
50804639,Database Administration,Database Administrator,Database Administrator
50798184,Database Administration,Database Administrator,DevOps DBA - DevOps | SQL Server | Cloud - Financial Services
50795138,Database Administration,Database Administrator,Database Administrator
50780836,Database Administration,Database Administrator,IT Database Administrator
50779663,Database Administration,Database Administrator,Database Administrator
50775300,Database Administration,Database Administrator,Database Administrator
50769638,Database Administration,Database Administrator,Senior Database Administrator – Informix
50761175,Database Administration,Database Administrator,Power BI and Alteryx Support Specialist
50746024,Database Administration,Database Administrator,Database Administrator
50742337,Database Administration,Database Administrator,Oracle Database Administrator
50701771,Database Administration,Database Administrator,DBA - MS SQL/.NET Dev
50896571,Cloud Development,Senior Cloud Engineer,Senior Cloud Engineer
50886004,Cloud Development,Senior Cloud Engineer,Senior Cloud Engineer
50879136,Cloud Development,Senior Cloud Engineer,Senior Cloud Engineer
50877172,Cloud Development,Senior Cloud Engineer,Senior Cloud Engineer
50854581,Cloud Development,Senior Cloud Engineer,Cloud Engineer - Azure Public Cloud
50854579,Cloud Development,Senior Cloud Engineer,Senior Cloud Engineer - Azure Public Cloud
50841563,Cloud Development,Senior Cloud Engineer,Senior Cloud Engineer
50841161,Cloud Development,Senior Cloud Engineer,"Chapter Lead  - Cloud, DevOps, & Infrastructure"
50836082,Cloud Development,Senior Cloud Engineer,Senior Cloud Engineer Lead
50824943,Cloud Development,Senior Cloud Engineer,Senior Azure Cloud Engineer
50822446,Cloud Development,Senior Cloud Engineer,Senior Cloud Engineer Lead
50798435,Cloud Development,Senior Cloud Engineer,Senior Cloud Engineer
50797828,Cloud Development,Senior Cloud Engineer,Senior Cloud Engineer
50796138,Cloud Development,Senior Cloud Engineer,Senior Cloud Engineer - Disaster Recovery
50791947,Cloud Development,Senior Cloud Engineer,Senior Cloud Engineer
50790902,Cloud Development,Senior Cloud Engineer,Senior Cloud Engineer
50789310,Cloud Development,Senior Cloud Engineer,Senior Cloud Engineer
50785015,Cloud Development,Senior Cloud Engineer,Senior Cloud Engineer
50780864,Cloud Development,Senior Cloud Engineer,Cloud Engineer
50771220,Cloud Development,Senior Cloud Engineer,Cloud Engineer
50755271,Cloud Development,Senior Cloud Engineer,Senior Cloud Engineer
50750864,Cloud Development,Senior Cloud Engineer,Senior Cloud Engineer
50729811,Cloud Development,Senior Cloud Engineer,Azure Cloud Engineer
50850561,Cloud Development,Senior Cloud Architect,Senior Cloud Architect
50806077,Cloud Development,Senior Cloud Consultant,Senior Cloud Consultant - Azure
50750977,Cloud Development,Senior Cloud Consultant,Senior Cloud Consultant - NV1
50861675,Cloud Development,Cloud Developer,Cloud Developer with PHP experience
50859003,Cloud Development,Cloud Developer,Cloud Developer/Data Engineer
50859002,Cloud Development,Cloud Developer,Cloud Developer/Data Engineer
50855938,Cloud Development,Cloud Developer,Fintech Development Team Leader
50836106,Cloud Development,Cloud Developer,Full Stack Cloud Developer – Perpetual Digital
50795911,Cloud Development,Cloud Developer,Cloud Developer
50737452,Cloud Development,Cloud Developer,Salesforce Marketing Cloud Consultant
50727725,Cloud Development,Cloud Developer,GCP Daveloper
50896571,Cloud Development,Cloud Engineer,Senior Cloud Engineer
50896143,Cloud Development,Cloud Engineer,AWS Cloud Engineer
50893007,Cloud Development,Cloud Engineer,Azure Cloud Engineer
50891982,Cloud Development,Cloud Engineer,Azure Cloud Engineer
50888528,Cloud Development,Cloud Engineer,Azure Cloud Engineer
50888479,Cloud Development,Cloud Engineer,Azure Cloud Engineer
50888477,Cloud Development,Cloud Engineer,AWS Cloud Engineer
50888451,Cloud Development,Cloud Engineer,AWS Cloud Engineer
50888396,Cloud Development,Cloud Engineer,AWS Cloud Engineer
50887812,Cloud Development,Cloud Engineer,AWS Cloud Engineer
50887767,Cloud Development,Cloud Engineer,Azure Cloud Engineer
50887609,Cloud Development,Cloud Engineer,AWS Cloud Engineer
50887277,Cloud Development,Cloud Engineer,AWS Cloud Engineer
50887214,Cloud Development,Cloud Engineer,Azure Cloud Engineer
50886839,Cloud Development,Cloud Engineer,Cloud Engineers - multiple positions (AWS & Azure)
50886814,Cloud Development,Cloud Engineer,Cloud Engineer - multiple positions (AWS & Azure)
50886622,Cloud Development,Cloud Engineer,Azure Cloud Engineer
50886621,Cloud Development,Cloud Engineer,Azure Cloud Engineer
50886004,Cloud Development,Cloud Engineer,Senior Cloud Engineer
50882675,Cloud Development,Cloud Engineer,DevOps Engineer
50882448,Cloud Development,Cloud Engineer,Cloud Engineer
50880639,Cloud Development,Cloud Engineer,Azure Cloud Engineer
50879136,Cloud Development,Cloud Engineer,Senior Cloud Engineer
50878984,Cloud Development,Cloud Engineer,Cloud Engineer
50878431,Cloud Development,Cloud Engineer,Cloud Consultant
50877172,Cloud Development,Cloud Engineer,Senior Cloud Engineer
50874388,Cloud Development,Cloud Engineer,Cloud Engineer
50874335,Cloud Development,Cloud Engineer,Cloud Engineer
50871357,Cloud Development,Cloud Engineer,Azure Cloud Engineer
50868523,Cloud Development,Cloud Engineer,Cloud Engineer - Azure + GCP
50866639,Cloud Development,Cloud Engineer,Cloud Engineer x 2
50864619,Cloud Development,Cloud Engineer,Cloud Engineer (Azure)
50863690,Cloud Development,Cloud Engineer,Senior Windows Cloud Engineer - NV1
50861834,Cloud Development,Cloud Engineer,VMware Cloud Engineer (VDI) - Sydney
50859033,Cloud Development,Cloud Engineer,Cloud Engineer
50857054,Cloud Development,Cloud Engineer,Cloud Engineer
50854581,Cloud Development,Cloud Engineer,Cloud Engineer - Azure Public Cloud
50854579,Cloud Development,Cloud Engineer,Senior Cloud Engineer - Azure Public Cloud
50850561,Cloud Development,Cloud Engineer,Senior Cloud Architect
50849658,Cloud Development,Cloud Engineer,Azure Cloud Engineer
50847287,Cloud Development,Cloud Engineer,Cloud Engineer
50845220,Cloud Development,Cloud Engineer,Cloud Engineer
50842734,Cloud Development,Cloud Engineer,Cloud Engineer
50841563,Cloud Development,Cloud Engineer,Senior Cloud Engineer
50839608,Cloud Development,Cloud Engineer,Mobile App Engineer
50836082,Cloud Development,Cloud Engineer,Senior Cloud Engineer Lead
50835068,Cloud Development,Cloud Engineer,Azure Cloud Engineer
50833320,Cloud Development,Cloud Engineer,Azure Cloud Engineer
50833087,Cloud Development,Cloud Engineer,Cloud Engineer-Azure
50832984,Cloud Development,Cloud Engineer,Cloud Engineer
50832744,Cloud Development,Cloud Engineer,Lead Cloud Consultant - GCP
50832500,Cloud Development,Cloud Engineer,Lead Cloud Consultant - GCP
50832336,Cloud Development,Cloud Engineer,Azure cloud engineer
50832131,Cloud Development,Cloud Engineer,Lead Cloud Engineer - GCP Contract
50831285,Cloud Development,Cloud Engineer,Cloud engineer virtualisation
50826633,Cloud Development,Cloud Engineer,Azure Cloud Engineer (12 month contract)
50824943,Cloud Development,Cloud Engineer,Senior Azure Cloud Engineer
50823862,Cloud Development,Cloud Engineer,Cloud Data Engineer
50822446,Cloud Development,Cloud Engineer,Senior Cloud Engineer Lead
50815144,Cloud Development,Cloud Engineer,Cloud Engineer
50810162,Cloud Development,Cloud Engineer,Cloud Engineer
50810112,Cloud Development,Cloud Engineer,Senior / Lead DevOps Cloud Engineer
50805799,Cloud Development,Cloud Engineer,Cloud Lead - Azure
50798435,Cloud Development,Cloud Engineer,Senior Cloud Engineer
50797828,Cloud Development,Cloud Engineer,Senior Cloud Engineer
50796138,Cloud Development,Cloud Engineer,Senior Cloud Engineer - Disaster Recovery
50794501,Cloud Development,Cloud Engineer,Microsoft Cloud Engineer
50794415,Cloud Development,Cloud Engineer,Infrastructure and Cloud Engineer
50791947,Cloud Development,Cloud Engineer,Senior Cloud Engineer
50790902,Cloud Development,Cloud Engineer,Senior Cloud Engineer
50789310,Cloud Development,Cloud Engineer,Senior Cloud Engineer
50785015,Cloud Development,Cloud Engineer,Senior Cloud Engineer
50784552,Cloud Development,Cloud Engineer,Cloud Engineer
50781925,Cloud Development,Cloud Engineer,Cloud Engineer
50781880,Cloud Development,Cloud Engineer,Virtualisation Engineer - VDI
50781881,Cloud Development,Cloud Engineer,Cloud Engineer -Virtualisation and EUC
50781403,Cloud Development,Cloud Engineer,Data Analyst
50780864,Cloud Development,Cloud Engineer,Cloud Engineer
50780316,Cloud Development,Cloud Engineer,Cloud Engineer
50778573,Cloud Development,Cloud Engineer,Genesys Cloud Engineer
50778388,Cloud Development,Cloud Engineer,Cloud Engineer (Virtualisation & EUC)
50775234,Cloud Development,Cloud Engineer,Cloud Engineer
50772091,Cloud Development,Cloud Engineer,"NAB Intern, Cloud Engineer"
50771220,Cloud Development,Cloud Engineer,Cloud Engineer
50770092,Cloud Development,Cloud Engineer,AWS Cloud Engineer
50764669,Cloud Development,Cloud Engineer,Cloud Engineer (FDG)
50762774,Cloud Development,Cloud Engineer,Cloud Engineer
50760848,Cloud Development,Cloud Engineer,Oracle Cloud Engineer
50758524,Cloud Development,Cloud Engineer,Cloud Systems Engineer (Microsoft)
50756882,Cloud Development,Cloud Engineer,Cloud Engineer
50755271,Cloud Development,Cloud Engineer,Senior Cloud Engineer
50752712,Cloud Development,Cloud Engineer,Cloud Engineer
50751529,Cloud Development,Cloud Engineer,Cloud Engineer
50750864,Cloud Development,Cloud Engineer,Senior Cloud Engineer
50735758,Cloud Development,Cloud Engineer,Senior Cloud Solutions Engineer
50735561,Cloud Development,Cloud Engineer,Senior AWS Engineer - Agile
50729811,Cloud Development,Cloud Engineer,Azure Cloud Engineer
50727305,Cloud Development,Cloud Engineer,Cloud Engineer - Infrastructure/Automation
50725850,Cloud Development,Cloud Engineer,Senior System Engineer
50720815,Cloud Development,Cloud Engineer,Senior Network Engineer | Hybrid Cloud | VMware| vSphere | HyperV | Netscaler
50717040,Cloud Development,Cloud Engineer,Lead Systems / Cloud Engineer - NFP Christian Organisation
50711361,Cloud Development,Cloud Engineer,Network and Security Cloud engineer
50703826,Cloud Development,Cloud Engineer,Azure Technical Lead
50702197,Cloud Development,Cloud Engineer,Cloud Engineer
50701543,Cloud Development,Cloud Engineer,Cloud Engineer
50896444,Cloud Development,Cloud Architect,"Pre Sales Cloud Architect (AWS, Azure, GCP)"
50853489,Cloud Development,Cloud Architect,Cloud Platform Architect
50852136,Cloud Development,Cloud Architect,Cloud Architect
50850561,Cloud Development,Cloud Architect,Senior Cloud Architect
50845849,Cloud Development,Cloud Architect,Cloud Architect - APAC Cloud CoE
50843446,Cloud Development,Cloud Architect,Cloud Architect - APAC Cloud CoE
50843327,Cloud Development,Cloud Architect,Principle Cloud Architect
50839241,Cloud Development,Cloud Architect,DevOps Engineer (AWS)
50828616,Cloud Development,Cloud Architect,Networks Cloud Architect - 5x Contract Roles
50824902,Cloud Development,Cloud Architect,Principal Cloud Architect
50812012,Cloud Development,Cloud Architect,Cloud Architect
50776727,Cloud Development,Cloud Architect,Cloud Architect
50771893,Cloud Development,Cloud Architect,Cloud Architect
50767288,Cloud Development,Cloud Architect,Cloud Architect - M365
50765972,Cloud Development,Cloud Architect,Cloud Architect - AZURE
50740303,Cloud Development,Cloud Architect,Cloud Architect - Perth - Massive Opportunity
50738342,Cloud Development,Cloud Architect,Cloud Network Architect
50727481,Cloud Development,Cloud Architect,Cloud Solution Architect
50727019,Cloud Development,Cloud Architect,Cloud Architect - Azure
50726269,Cloud Development,Cloud Architect,Cloud Architect Azure
50726258,Cloud Development,Cloud Architect,Cloud Architect Azure
50708057,Cloud Development,Cloud Architect,Azure Network Architect
50706979,Cloud Development,Cloud Architect,Azure Architect (Database Migration)
50878431,Cloud Development,Cloud Consultant,Cloud Consultant
50844110,Cloud Development,Cloud Consultant,Oracle Financials Cloud Consultant - Sydney
50840406,Cloud Development,Cloud Consultant,Azure Cloud Technician
50833538,Cloud Development,Cloud Consultant,Principal Cloud Consultant -GCP
50833536,Cloud Development,Cloud Consultant,Principal Cloud Consultant -GCP
50832744,Cloud Development,Cloud Consultant,Lead Cloud Consultant - GCP
50832500,Cloud Development,Cloud Consultant,Lead Cloud Consultant - GCP
50832131,Cloud Development,Cloud Consultant,Lead Cloud Engineer - GCP Contract
50806077,Cloud Development,Cloud Consultant,Senior Cloud Consultant - Azure
50750977,Cloud Development,Cloud Consultant,Senior Cloud Consultant - NV1
50737452,Cloud Development,Cloud Consultant,Salesforce Marketing Cloud Consultant
50737265,Cloud Development,Cloud Consultant,Cloud Consultant
50726269,Cloud Development,Cloud Consultant,Cloud Architect Azure
50726258,Cloud Development,Cloud Consultant,Cloud Architect Azure
